{
  "generated_at": "2026-07-07T15:34:18+00:00",
  "tile": 96,
  "cols": 8,
  "rows": 7,
  "count": 50,
  "missing": 37,
  "ids": [
    "rym-9440037",
    "rym-8675201",
    "rym-8736435",
    "rym-9272905",
    "rym-8234974",
    "rym-1133752",
    "rym-973056",
    "rym-10824190",
    "rym-14743827",
    "rym-669638",
    "rym-11473364",
    "rym-10216920",
    "rym-9744884",
    "rym-377580",
    "rym-967662",
    "rym-10949208",
    "rym-15122731",
    "rym-14012767",
    "rym-2620305",
    "rym-2669963",
    "rym-7414286",
    "rym-6355158",
    "rym-15004341",
    "rym-1080545",
    "rym-11756956",
    "rym-1303691",
    "rym-9137499",
    "rym-4041487",
    "rym-15021337",
    "rym-14422080",
    "rym-13990381",
    "rym-1184599",
    "rym-11467666",
    "rym-9554554",
    "rym-12654440",
    "rym-10950283",
    "rym-1099502",
    "rym-8117294",
    "rym-12746345",
    "rym-14893462",
    "rym-9441326",
    "rym-5980586",
    "rym-2890902",
    "rym-8760418",
    "rym-3254591",
    "rym-15910637",
    "rym-14912577",
    "rym-14731025",
    "rym-13771247",
    "rym-15009546"
  ],
  "hsv": {
    "rym-9440037": [
      150.0,
      0.02198,
      0.35686
    ],
    "rym-8675201": [
      341.351,
      0.32314,
      0.89804
    ],
    "rym-8736435": [
      343.448,
      0.26852,
      0.42353
    ],
    "rym-9272905": [
      15.738,
      0.29327,
      0.81569
    ],
    "rym-8234974": [
      45.714,
      0.12426,
      0.66275
    ],
    "rym-1133752": [
      25.263,
      0.25333,
      0.29412
    ],
    "rym-973056": [
      188.182,
      0.1841,
      0.93725
    ],
    "rym-10824190": [
      127.5,
      0.16598,
      0.9451
    ],
    "rym-14743827": [
      91.525,
      0.2428,
      0.95294
    ],
    "rym-669638": [
      22.105,
      0.16102,
      0.92549
    ],
    "rym-11473364": [
      123.83,
      0.19831,
      0.92941
    ],
    "rym-10216920": [
      66.774,
      0.27679,
      0.87843
    ],
    "rym-9744884": [
      242.609,
      0.1055,
      0.8549
    ],
    "rym-377580": [
      175.5,
      0.16667,
      0.94118
    ],
    "rym-967662": [
      350.909,
      0.27848,
      0.92941
    ],
    "rym-10949208": [
      33.75,
      0.39264,
      0.63922
    ],
    "rym-15122731": [
      61.69,
      0.29339,
      0.94902
    ],
    "rym-14012767": [
      99.706,
      0.29437,
      0.90588
    ],
    "rym-2620305": [
      278.182,
      0.26699,
      0.80784
    ],
    "rym-2669963": [
      152.222,
      0.23581,
      0.89804
    ],
    "rym-7414286": [
      250.769,
      0.33051,
      0.92549
    ],
    "rym-6355158": [
      197.143,
      0.7,
      0.07843
    ],
    "rym-15004341": [
      0.0,
      0.23504,
      0.91765
    ],
    "rym-1080545": [
      124.5,
      0.17021,
      0.92157
    ],
    "rym-11756956": [
      91.385,
      0.26639,
      0.95686
    ],
    "rym-1303691": [
      106.957,
      0.31081,
      0.87059
    ],
    "rym-9137499": [
      353.143,
      0.30303,
      0.90588
    ],
    "rym-4041487": [
      146.923,
      0.33191,
      0.92157
    ],
    "rym-15021337": [
      118.209,
      0.29258,
      0.89804
    ],
    "rym-14422080": [
      283.256,
      0.17917,
      0.94118
    ],
    "rym-13990381": [
      222.632,
      0.16379,
      0.9098
    ],
    "rym-1184599": [
      282.273,
      0.18644,
      0.92549
    ],
    "rym-11467666": [
      240.0,
      0.22271,
      0.89804
    ],
    "rym-9554554": [
      288.947,
      0.32068,
      0.92941
    ],
    "rym-12654440": [
      192.245,
      0.20675,
      0.92941
    ],
    "rym-10950283": [
      5.769,
      0.22511,
      0.90588
    ],
    "rym-1099502": [
      322.857,
      0.17949,
      0.91765
    ],
    "rym-8117294": [
      53.898,
      0.25106,
      0.92157
    ],
    "rym-12746345": [
      53.617,
      0.19502,
      0.9451
    ],
    "rym-14893462": [
      114.894,
      0.20705,
      0.8902
    ],
    "rym-9441326": [
      192.353,
      0.21795,
      0.61176
    ],
    "rym-5980586": [
      0.0,
      0.0,
      0.86275
    ],
    "rym-2890902": [
      98.919,
      0.30962,
      0.93725
    ],
    "rym-8760418": [
      45.0,
      0.07843,
      0.2
    ],
    "rym-3254591": [
      0.0,
      0.94737,
      0.22353
    ],
    "rym-15910637": [
      167.812,
      0.27004,
      0.92941
    ],
    "rym-14912577": [
      64.11,
      0.30932,
      0.92549
    ],
    "rym-14731025": [
      0.0,
      0.18723,
      0.92157
    ],
    "rym-13771247": [
      111.429,
      0.17284,
      0.95294
    ],
    "rym-15009546": [
      192.0,
      0.02049,
      0.95686
    ]
  }
}
